{
  "Reserve Request" : {
    "transaction" : "Reserve Request",
    "sampleCount" : 40,
    "errorCount" : 0,
    "errorPct" : 0.0,
    "meanResTime" : 1841.4750000000001,
    "medianResTime" : 1810.0,
    "minResTime" : 1158.0,
    "maxResTime" : 2811.0,
    "pct1ResTime" : 2655.4999999999995,
    "pct2ResTime" : 2777.5499999999997,
    "pct3ResTime" : 2811.0,
    "throughput" : 12.706480304955527,
    "receivedKBytesPerSec" : 91.19133179796695,
    "sentKBytesPerSec" : 2.8043599110546378
  },
  "Total" : {
    "transaction" : "Total",
    "sampleCount" : 120,
    "errorCount" : 0,
    "errorPct" : 0.0,
    "meanResTime" : 966.7249999999998,
    "medianResTime" : 627.0,
    "minResTime" : 269.0,
    "maxResTime" : 2811.0,
    "pct1ResTime" : 1955.0000000000005,
    "pct2ResTime" : 2256.95,
    "pct3ResTime" : 2804.91,
    "throughput" : 7.24418955629339,
    "receivedKBytesPerSec" : 48.28988077271355,
    "sentKBytesPerSec" : 2.0256376396015696
  },
  "Purchase Request" : {
    "transaction" : "Purchase Request",
    "sampleCount" : 40,
    "errorCount" : 0,
    "errorPct" : 0.0,
    "meanResTime" : 505.57500000000005,
    "medianResTime" : 485.5,
    "minResTime" : 269.0,
    "maxResTime" : 1276.0,
    "pct1ResTime" : 771.3,
    "pct2ResTime" : 797.7499999999999,
    "pct3ResTime" : 1276.0,
    "throughput" : 17.86511835640911,
    "receivedKBytesPerSec" : 128.21362773559625,
    "sentKBytesPerSec" : 4.693082849486378
  },
  "Confirmation Request" : {
    "transaction" : "Confirmation Request",
    "sampleCount" : 40,
    "errorCount" : 0,
    "errorPct" : 0.0,
    "meanResTime" : 553.1250000000001,
    "medianResTime" : 428.5,
    "minResTime" : 296.0,
    "maxResTime" : 1646.0,
    "pct1ResTime" : 879.2,
    "pct2ResTime" : 1504.2499999999995,
    "pct3ResTime" : 1646.0,
    "throughput" : 15.936254980079681,
    "receivedKBytesPerSec" : 89.95268924302789,
    "sentKBytesPerSec" : 5.6648406374502
  }
}