{
  "Reserve Request" : {
    "transaction" : "Reserve Request",
    "sampleCount" : 589,
    "errorCount" : 0,
    "errorPct" : 0.0,
    "meanResTime" : 757.5348047538198,
    "medianResTime" : 367.0,
    "minResTime" : 254.0,
    "maxResTime" : 21439.0,
    "pct1ResTime" : 2135.0,
    "pct2ResTime" : 2370.5,
    "pct3ResTime" : 2575.6000000000004,
    "throughput" : 3.3823943217122148,
    "receivedKBytesPerSec" : 24.275365130974464,
    "sentKBytesPerSec" : 0.7465049967841412
  },
  "Total" : {
    "transaction" : "Total",
    "sampleCount" : 1576,
    "errorCount" : 0,
    "errorPct" : 0.0,
    "meanResTime" : 483.60596446700515,
    "medianResTime" : 304.0,
    "minResTime" : 252.0,
    "maxResTime" : 21439.0,
    "pct1ResTime" : 514.0,
    "pct2ResTime" : 1987.3499999999988,
    "pct3ResTime" : 2473.3,
    "throughput" : 9.012100002287335,
    "receivedKBytesPerSec" : 60.2205891156448,
    "sentKBytesPerSec" : 2.496032009824104
  },
  "Purchase Request" : {
    "transaction" : "Purchase Request",
    "sampleCount" : 478,
    "errorCount" : 0,
    "errorPct" : 0.0,
    "meanResTime" : 302.1150627615062,
    "medianResTime" : 289.0,
    "minResTime" : 252.0,
    "maxResTime" : 570.0,
    "pct1ResTime" : 350.1,
    "pct2ResTime" : 408.0,
    "pct3ResTime" : 521.7299999999998,
    "throughput" : 2.801202524598426,
    "receivedKBytesPerSec" : 20.103872585574393,
    "sentKBytesPerSec" : 0.7358627725751725
  },
  "Confirmation Request" : {
    "transaction" : "Confirmation Request",
    "sampleCount" : 509,
    "errorCount" : 0,
    "errorPct" : 0.0,
    "meanResTime" : 337.0609037328093,
    "medianResTime" : 311.0,
    "minResTime" : 258.0,
    "maxResTime" : 1308.0,
    "pct1ResTime" : 440.0,
    "pct2ResTime" : 461.5,
    "pct3ResTime" : 610.8999999999991,
    "throughput" : 3.232546471824769,
    "receivedKBytesPerSec" : 18.248020541594425,
    "sentKBytesPerSec" : 1.1490692536564608
  }
}